user_id,name,email,phone,role,created_at
1,Admin User,admin@propms.com,9000000001,ADMIN,2024-01-01 09:00:00
2,Amit Rao,amit.rao2@gmail.com,9433218196,OWNER,2024-01-09 00:00:00
3,Aditi Pillai,aditi.pillai3@yahoo.com,9389083863,OWNER,2024-04-24 00:00:00
4,Vanitha Bose,vanitha.bose4@gmail.com,9265423511,OWNER,2024-04-07 00:00:00
5,Deepak Sinha,deepak.sinha5@outlook.com,9940781618,OWNER,2024-03-16 00:00:00
6,Naga Agarwal,naga.agarwal6@outlook.com,9931034131,OWNER,2024-04-07 00:00:00
7,Mohan Ahuja,mohan.ahuja7@outlook.com,9255341928,OWNER,2024-03-03 00:00:00
8,Ishaan Ahuja,ishaan.ahuja8@rediffmail.com,9483503056,OWNER,2024-03-09 00:00:00
9,Aryan Shah,aryan.shah9@outlook.com,9376724238,OWNER,2024-05-17 00:00:00
10,Meera Chopra,meera.chopra10@rediffmail.com,9965328710,OWNER,2024-01-29 00:00:00
11,Harini Verma,harini.verma11@rediffmail.com,9916697848,OWNER,2024-01-03 00:00:00
12,Bharathi Rao,bharathi.rao12@outlook.com,9514627048,OWNER,2024-02-15 00:00:00
13,Shreya Menon,shreya.menon13@outlook.com,9893252880,OWNER,2024-06-02 00:00:00
14,Poonam Khanna,poonam.khanna14@gmail.com,9154303911,OWNER,2024-05-04 00:00:00
15,Manju Iyer,manju.iyer15@yahoo.com,9278248963,OWNER,2024-05-18 00:00:00
16,Indira Patel,indira.patel16@outlook.com,9657871331,OWNER,2024-03-27 00:00:00
17,Aditi Chopra,aditi.chopra17@yahoo.com,9930103105,OWNER,2024-01-19 00:00:00
18,Shreya Chatterjee,shreya.chatterjee18@outlook.com,9738299737,OWNER,2024-04-14 00:00:00
19,Karthik Menon,karthik.menon19@gmail.com,9656670106,OWNER,2024-03-27 00:00:00
20,Lavanya Menon,lavanya.menon20@yahoo.com,9338726247,OWNER,2024-03-04 00:00:00
21,Qasim Iyer,qasim.iyer21@rediffmail.com,9810801326,OWNER,2024-05-04 00:00:00
22,Sarath Shah,sarath.shah22@rediffmail.com,9026064746,TENANT,2025-01-22 00:00:00
23,Geetha Bhatia,geetha.bhatia23@rediffmail.com,9234309805,TENANT,2024-03-01 00:00:00
24,Arjun Chopra,arjun.chopra24@rediffmail.com,9882081219,TENANT,2024-03-06 00:00:00
25,Bharathi Chatterjee,bharathi.chatterjee25@rediffmail.com,9193990916,TENANT,2025-01-02 00:00:00
26,Vanitha Sethi,vanitha.sethi26@outlook.com,9435346247,TENANT,2024-07-11 00:00:00
27,Uma Iyer,uma.iyer27@gmail.com,9799118384,TENANT,2024-04-08 00:00:00
28,Uma Sinha,uma.sinha28@gmail.com,9354278498,TENANT,2024-02-05 00:00:00
29,Arun Bhatia,arun.bhatia29@outlook.com,9124118244,TENANT,2024-12-06 00:00:00
30,Kavya Pandey,kavya.pandey30@yahoo.com,9487401640,TENANT,2024-02-02 00:00:00
31,Pradeep Gupta,pradeep.gupta31@outlook.com,9278680112,TENANT,2024-11-06 00:00:00
32,Anika Ghosh,anika.ghosh32@yahoo.com,9620450533,TENANT,2025-01-07 00:00:00
33,Deepak Sinha,deepak.sinha33@rediffmail.com,9923226025,TENANT,2025-03-07 00:00:00
34,Uma Dutta,uma.dutta34@yahoo.com,9421607337,TENANT,2024-07-29 00:00:00
35,Nikhil Mehta,nikhil.mehta35@yahoo.com,9036541458,TENANT,2024-08-23 00:00:00
36,Bharathi Chawla,bharathi.chawla36@outlook.com,9014294019,TENANT,2024-09-10 00:00:00
37,Priya Tripathi,priya.tripathi37@rediffmail.com,9981693406,TENANT,2024-02-01 00:00:00
38,Suresh Chawla,suresh.chawla38@yahoo.com,9561595148,TENANT,2024-07-08 00:00:00
39,Arun Dutta,arun.dutta39@outlook.com,9648236629,TENANT,2024-11-18 00:00:00
40,Nikhil Sen,nikhil.sen40@gmail.com,9443699577,TENANT,2024-09-14 00:00:00
41,Bharathi Shah,bharathi.shah41@rediffmail.com,9214895134,TENANT,2024-05-26 00:00:00
42,Lavanya Patel,lavanya.patel42@yahoo.com,9003791769,TENANT,2024-05-10 00:00:00
43,Dinesh Roy,dinesh.roy43@rediffmail.com,9632016328,TENANT,2024-09-25 00:00:00
44,Arjun Bhatia,arjun.bhatia44@yahoo.com,9172788957,TENANT,2024-12-10 00:00:00
45,Manju Malhotra,manju.malhotra45@rediffmail.com,9872774348,TENANT,2024-10-06 00:00:00
46,Amit Chatterjee,amit.chatterjee46@outlook.com,9714345581,TENANT,2024-04-11 00:00:00
47,Harini Mehta,harini.mehta47@rediffmail.com,9231665876,TENANT,2024-03-03 00:00:00
48,Kavya Dutta,kavya.dutta48@rediffmail.com,9909670546,TENANT,2024-09-02 00:00:00
49,Swathi Chawla,swathi.chawla49@yahoo.com,9734670656,TENANT,2025-02-05 00:00:00
50,Ishaan Ahuja,ishaan.ahuja50@yahoo.com,9980699016,TENANT,2024-04-10 00:00:00
51,Qasim Ahuja,qasim.ahuja51@yahoo.com,9046537556,TENANT,2024-06-22 00:00:00
52,Indira Dutta,indira.dutta52@outlook.com,9170805310,TENANT,2025-02-21 00:00:00
53,Aditi Chatterjee,aditi.chatterjee53@yahoo.com,9092327193,TENANT,2024-09-26 00:00:00
54,Chandra Das,chandra.das54@outlook.com,9299124190,TENANT,2024-07-09 00:00:00
55,Uday Roy,uday.roy55@rediffmail.com,9319314919,TENANT,2025-03-07 00:00:00
56,Anika Sinha,anika.sinha56@rediffmail.com,9518506716,TENANT,2024-08-04 00:00:00
57,Amit Ahuja,amit.ahuja57@yahoo.com,9628498776,TENANT,2025-03-29 00:00:00
58,Geetha Chopra,geetha.chopra58@outlook.com,9531473799,TENANT,2025-01-08 00:00:00
59,Raja Pandey,raja.pandey59@gmail.com,9752735454,TENANT,2024-12-02 00:00:00
60,Chandra Bose,chandra.bose60@gmail.com,9831367837,TENANT,2024-12-27 00:00:00
61,Dinesh Khanna,dinesh.khanna61@rediffmail.com,9014363495,TENANT,2024-09-30 00:00:00
62,Tanvi Arora,tanvi.arora62@outlook.com,9685574443,TENANT,2024-04-02 00:00:00
63,Geetha Patel,geetha.patel63@outlook.com,9182337498,TENANT,2024-12-02 00:00:00
64,Nandini Menon,nandini.menon64@yahoo.com,9435240824,TENANT,2024-02-24 00:00:00
65,Arjun Bhatia,arjun.bhatia65@outlook.com,9271094777,TENANT,2024-07-24 00:00:00
66,Jaya Nair,jaya.nair66@outlook.com,9711671902,TENANT,2024-04-17 00:00:00
67,Lavanya Sethi,lavanya.sethi67@outlook.com,9131869993,TENANT,2025-03-04 00:00:00
68,Suresh Roy,suresh.roy68@rediffmail.com,9749649909,TENANT,2025-02-13 00:00:00
69,Deepak Shah,deepak.shah69@yahoo.com,9412328120,TENANT,2024-08-28 00:00:00
70,Sanjay Bajaj,sanjay.bajaj70@rediffmail.com,9403447134,TENANT,2025-03-10 00:00:00
71,Kamala Chopra,kamala.chopra71@yahoo.com,9618324210,TENANT,2024-04-25 00:00:00
72,Kamala Mishra,kamala.mishra72@outlook.com,9717464887,TENANT,2024-09-12 00:00:00
73,Bhavna Bajaj,bhavna.bajaj73@gmail.com,9659401399,TENANT,2024-02-11 00:00:00
74,Indira Bose,indira.bose74@gmail.com,9278742967,TENANT,2024-03-18 00:00:00
75,Sarath Sinha,sarath.sinha75@rediffmail.com,9551256746,TENANT,2025-03-23 00:00:00
76,Indira Bhatia,indira.bhatia76@gmail.com,9715451680,TENANT,2025-01-02 00:00:00
77,Qasim Chawla,qasim.chawla77@rediffmail.com,9603859770,TENANT,2024-05-15 00:00:00
78,Mohan Bhatia,mohan.bhatia78@yahoo.com,9477109324,TENANT,2024-11-09 00:00:00
79,Aarav Bhatia,aarav.bhatia79@rediffmail.com,9131712748,TENANT,2025-01-27 00:00:00
80,Mohan Dutta,mohan.dutta80@rediffmail.com,9737826398,TENANT,2025-02-17 00:00:00
81,Ramya Gupta,ramya.gupta81@gmail.com,9465840449,TENANT,2024-11-23 00:00:00
82,Arun Khanna,arun.khanna82@yahoo.com,9787558867,TENANT,2024-07-14 00:00:00
83,Qasim Patel,qasim.patel83@yahoo.com,9963605766,TENANT,2025-01-05 00:00:00
84,Kamala Singh,kamala.singh84@rediffmail.com,9028951718,TENANT,2024-09-21 00:00:00
85,Aarav Singh,aarav.singh85@rediffmail.com,9217459615,TENANT,2025-01-11 00:00:00
86,Padma Chawla,padma.chawla86@rediffmail.com,9578091343,TENANT,2025-02-17 00:00:00
87,Bhavna Chakraborty,bhavna.chakraborty87@gmail.com,9172400504,TENANT,2024-08-02 00:00:00
88,Rahul Chakraborty,rahul.chakraborty88@yahoo.com,9386922219,TENANT,2024-08-14 00:00:00
89,Yamini Chatterjee,yamini.chatterjee89@rediffmail.com,9923747407,TENANT,2024-06-27 00:00:00
90,Bharathi Chawla,bharathi.chawla90@yahoo.com,9175946474,TENANT,2024-05-12 00:00:00
91,Raja Kapoor,raja.kapoor91@gmail.com,9369594406,TENANT,2024-06-20 00:00:00
92,Aarav Sethi,aarav.sethi92@gmail.com,9974395339,TENANT,2024-06-08 00:00:00
93,Bharathi Gupta,bharathi.gupta93@gmail.com,9047095214,TENANT,2024-07-17 00:00:00
94,Hari Dutta,hari.dutta94@yahoo.com,9328588424,TENANT,2025-03-29 00:00:00
95,Sarath Mukherjee,sarath.mukherjee95@outlook.com,9171236851,TENANT,2025-03-11 00:00:00
96,Ravi Kumar,ravi.kumar96@outlook.com,9817549651,TENANT,2025-01-11 00:00:00
97,Lakshmi Kapoor,lakshmi.kapoor97@gmail.com,9985931746,TENANT,2024-03-31 00:00:00
98,Ganesh Reddy,ganesh.reddy98@gmail.com,9471138267,TENANT,2024-08-08 00:00:00
99,Arun Chawla,arun.chawla99@rediffmail.com,9926179640,TENANT,2025-01-19 00:00:00
100,Rahul Shah,rahul.shah100@rediffmail.com,9735158506,TENANT,2024-06-21 00:00:00
