listing_id,property_id,listing_date,description,is_active
1,1,2024-09-13,"Luxury villa with landscaped garden, smart home features and power backup.",0
2,1,2023-11-13,Budget-friendly home with ample parking and peaceful surroundings.,0
3,2,2024-06-09,Semi-furnished flat ideal for working professionals in IT corridor.,0
4,3,2024-02-08,Semi-furnished flat ideal for working professionals in IT corridor.,1
5,4,2025-02-27,Semi-furnished flat ideal for working professionals in IT corridor.,1
6,5,2024-08-06,"Studio apartment with attached bath, ideal for students or singles.",1
7,6,2024-07-30,Semi-furnished flat ideal for working professionals in IT corridor.,1
8,7,2024-09-25,"Studio apartment with attached bath, ideal for students or singles.",1
9,8,2025-02-26,Commercial property on main road with high footfall and signage rights.,1
10,9,2024-02-26,"Independent house with separate entrance, terrace and solar water heater.",1
11,9,2023-11-02,"Newly constructed apartment with gym, swimming pool, and security.",0
12,10,2024-10-20,"Luxury villa with landscaped garden, smart home features and power backup.",1
13,11,2024-02-24,Semi-furnished flat ideal for working professionals in IT corridor.,1
14,12,2024-06-19,"Studio apartment with attached bath, ideal for students or singles.",0
15,13,2024-08-20,"Newly constructed apartment with gym, swimming pool, and security.",0
16,14,2024-07-12,"Studio apartment with attached bath, ideal for students or singles.",0
17,14,2024-01-09,Semi-furnished flat ideal for working professionals in IT corridor.,0
18,15,2024-11-24,"Independent house with separate entrance, terrace and solar water heater.",1
19,16,2025-02-23,Spacious and well-ventilated flat with modular kitchen and 24/7 water supply.,1
20,16,2023-11-11,"Independent house with separate entrance, terrace and solar water heater.",0
21,17,2024-07-19,Commercial property on main road with high footfall and signage rights.,1
22,18,2024-12-27,"Newly constructed apartment with gym, swimming pool, and security.",1
23,19,2024-03-28,"Row house in gated community with clubhouse, park and 24/7 CCTV.",1
24,20,2024-08-26,Spacious and well-ventilated flat with modular kitchen and 24/7 water supply.,1
25,20,2023-07-31,Semi-furnished flat ideal for working professionals in IT corridor.,0
26,21,2024-07-18,"Independent house with separate entrance, terrace and solar water heater.",1
27,22,2024-01-31,"Row house in gated community with clubhouse, park and 24/7 CCTV.",1
28,22,2023-09-24,Semi-furnished flat ideal for working professionals in IT corridor.,0
29,23,2024-07-23,"Studio apartment with attached bath, ideal for students or singles.",0
30,24,2024-11-03,"Newly constructed apartment with gym, swimming pool, and security.",1
31,25,2024-08-05,Semi-furnished flat ideal for working professionals in IT corridor.,1
32,26,2024-05-21,Prime location property with excellent connectivity and nearby metro station.,0
33,26,2023-07-18,"Studio apartment with attached bath, ideal for students or singles.",0
34,27,2024-10-06,"Independent house with separate entrance, terrace and solar water heater.",1
35,28,2024-03-15,"Luxury villa with landscaped garden, smart home features and power backup.",1
36,29,2025-01-09,"Studio apartment with attached bath, ideal for students or singles.",0
37,29,2023-11-04,"Luxury villa with landscaped garden, smart home features and power backup.",0
38,30,2025-01-04,"Studio apartment with attached bath, ideal for students or singles.",1
39,30,2023-07-05,Prime location property with excellent connectivity and nearby metro station.,0
40,31,2024-09-02,"Newly constructed apartment with gym, swimming pool, and security.",0
41,32,2024-08-29,Prime location property with excellent connectivity and nearby metro station.,1
42,33,2024-06-26,Semi-furnished flat ideal for working professionals in IT corridor.,1
43,34,2024-10-22,Commercial property on main road with high footfall and signage rights.,1
44,35,2024-06-16,"Newly constructed apartment with gym, swimming pool, and security.",1
45,36,2025-01-07,"Newly constructed apartment with gym, swimming pool, and security.",1
46,37,2024-10-01,Budget-friendly home with ample parking and peaceful surroundings.,1
47,37,2023-07-22,"Newly constructed apartment with gym, swimming pool, and security.",0
48,38,2024-05-15,"Studio apartment with attached bath, ideal for students or singles.",0
49,38,2023-10-20,"Row house in gated community with clubhouse, park and 24/7 CCTV.",0
50,39,2024-07-21,"Studio apartment with attached bath, ideal for students or singles.",0
51,40,2024-10-23,"Newly constructed apartment with gym, swimming pool, and security.",1
52,41,2024-02-28,Prime location property with excellent connectivity and nearby metro station.,0
53,42,2025-01-16,"Studio apartment with attached bath, ideal for students or singles.",0
54,43,2025-02-11,"Independent house with separate entrance, terrace and solar water heater.",0
55,44,2024-02-21,"Newly constructed apartment with gym, swimming pool, and security.",0
56,45,2024-12-08,Prime location property with excellent connectivity and nearby metro station.,0
57,46,2024-12-28,Commercial property on main road with high footfall and signage rights.,0
58,47,2025-02-17,Commercial property on main road with high footfall and signage rights.,1
59,48,2024-04-17,"Newly constructed apartment with gym, swimming pool, and security.",1
60,49,2024-02-12,Prime location property with excellent connectivity and nearby metro station.,1
61,50,2024-06-18,"Newly constructed apartment with gym, swimming pool, and security.",0
62,50,2023-11-29,Budget-friendly home with ample parking and peaceful surroundings.,0
63,51,2024-07-10,Commercial property on main road with high footfall and signage rights.,1
64,52,2024-02-24,"Luxury villa with landscaped garden, smart home features and power backup.",1
65,52,2023-10-20,"Luxury villa with landscaped garden, smart home features and power backup.",0
66,53,2024-03-19,"Luxury villa with landscaped garden, smart home features and power backup.",0
67,54,2024-03-02,Commercial property on main road with high footfall and signage rights.,1
68,55,2024-11-13,"Row house in gated community with clubhouse, park and 24/7 CCTV.",1
69,55,2023-11-16,"Row house in gated community with clubhouse, park and 24/7 CCTV.",0
70,56,2025-01-17,"Row house in gated community with clubhouse, park and 24/7 CCTV.",0
71,57,2024-10-29,Spacious and well-ventilated flat with modular kitchen and 24/7 water supply.,1
72,58,2024-01-29,Prime location property with excellent connectivity and nearby metro station.,0
73,58,2023-11-12,"Row house in gated community with clubhouse, park and 24/7 CCTV.",0
74,59,2024-05-29,Budget-friendly home with ample parking and peaceful surroundings.,0
75,60,2024-08-15,"Row house in gated community with clubhouse, park and 24/7 CCTV.",1
76,61,2024-09-25,Commercial property on main road with high footfall and signage rights.,1
77,62,2024-06-17,"Studio apartment with attached bath, ideal for students or singles.",0
78,62,2023-12-24,"Independent house with separate entrance, terrace and solar water heater.",0
79,63,2024-06-15,"Studio apartment with attached bath, ideal for students or singles.",1
80,63,2023-06-16,"Newly constructed apartment with gym, swimming pool, and security.",0
81,64,2024-08-27,"Independent house with separate entrance, terrace and solar water heater.",1
82,65,2024-04-28,Semi-furnished flat ideal for working professionals in IT corridor.,0
83,66,2024-06-23,Semi-furnished flat ideal for working professionals in IT corridor.,1
84,67,2024-07-09,"Independent house with separate entrance, terrace and solar water heater.",1
85,67,2023-09-03,Commercial property on main road with high footfall and signage rights.,0
86,68,2024-10-28,Prime location property with excellent connectivity and nearby metro station.,0
87,69,2024-09-09,Prime location property with excellent connectivity and nearby metro station.,1
88,70,2024-05-20,"Newly constructed apartment with gym, swimming pool, and security.",1
89,70,2023-08-14,"Independent house with separate entrance, terrace and solar water heater.",0
90,71,2024-11-25,"Independent house with separate entrance, terrace and solar water heater.",1
91,71,2024-01-08,"Newly constructed apartment with gym, swimming pool, and security.",0
92,72,2024-06-30,"Row house in gated community with clubhouse, park and 24/7 CCTV.",1
93,73,2024-04-21,"Newly constructed apartment with gym, swimming pool, and security.",1
94,74,2024-10-04,"Studio apartment with attached bath, ideal for students or singles.",1
95,75,2024-06-20,"Studio apartment with attached bath, ideal for students or singles.",0
96,75,2023-09-09,Commercial property on main road with high footfall and signage rights.,0
97,76,2024-09-05,Budget-friendly home with ample parking and peaceful surroundings.,1
98,76,2023-08-30,Spacious and well-ventilated flat with modular kitchen and 24/7 water supply.,0
99,77,2024-02-09,"Luxury villa with landscaped garden, smart home features and power backup.",1
100,78,2024-12-14,"Studio apartment with attached bath, ideal for students or singles.",1
101,79,2024-01-19,Prime location property with excellent connectivity and nearby metro station.,0
102,80,2024-05-29,Semi-furnished flat ideal for working professionals in IT corridor.,1
103,81,2024-07-20,Spacious and well-ventilated flat with modular kitchen and 24/7 water supply.,1
104,82,2024-11-01,Commercial property on main road with high footfall and signage rights.,0
105,82,2023-10-20,"Luxury villa with landscaped garden, smart home features and power backup.",0
106,83,2024-02-21,"Independent house with separate entrance, terrace and solar water heater.",0
107,84,2025-02-09,Commercial property on main road with high footfall and signage rights.,1
108,85,2024-11-29,"Row house in gated community with clubhouse, park and 24/7 CCTV.",1
109,85,2023-06-25,"Independent house with separate entrance, terrace and solar water heater.",0
110,86,2024-07-24,Semi-furnished flat ideal for working professionals in IT corridor.,0
111,87,2024-07-20,"Newly constructed apartment with gym, swimming pool, and security.",0
112,87,2023-10-09,"Independent house with separate entrance, terrace and solar water heater.",0
113,88,2024-09-27,Spacious and well-ventilated flat with modular kitchen and 24/7 water supply.,1
114,88,2023-07-06,Semi-furnished flat ideal for working professionals in IT corridor.,0
115,89,2024-09-13,Commercial property on main road with high footfall and signage rights.,0
