lease_id,property_id,tenant_id,start_date,end_date,monthly_rent,lease_status
1,1,95,2024-05-22,2025-05-22,58000,ACTIVE
2,2,81,2024-10-12,2025-10-12,18000,ACTIVE
3,12,22,2024-06-01,2025-06-01,50500,ACTIVE
4,13,76,2024-04-25,2025-04-25,43000,ACTIVE
5,14,33,2024-06-01,2025-06-01,75500,ACTIVE
6,23,73,2024-05-27,2025-05-27,8000,ACTIVE
7,26,40,2024-12-26,2025-12-26,13000,ACTIVE
8,29,83,2024-04-16,2025-04-16,43000,ACTIVE
9,31,75,2024-12-19,2025-12-19,45500,ACTIVE
10,38,67,2024-12-26,2025-12-26,43000,ACTIVE
11,39,56,2024-09-07,2025-09-07,40500,ACTIVE
12,41,57,2024-06-11,2025-06-11,48000,ACTIVE
13,42,27,2024-09-02,2025-09-02,35500,ACTIVE
14,43,98,2024-06-27,2025-06-27,20500,ACTIVE
15,44,30,2024-10-13,2025-10-13,43000,ACTIVE
16,45,89,2024-05-20,2025-05-20,33000,ACTIVE
17,46,64,2024-05-27,2025-05-27,43000,ACTIVE
18,50,47,2024-03-03,2025-03-03,80500,ACTIVE
19,53,45,2024-10-20,2025-10-20,48000,ACTIVE
20,56,53,2024-12-12,2025-12-12,28000,ACTIVE
21,58,54,2024-10-05,2025-10-05,30500,ACTIVE
22,59,77,2024-07-13,2025-07-13,13000,ACTIVE
23,62,79,2024-07-21,2025-07-21,68000,ACTIVE
24,65,71,2024-06-25,2025-06-25,68000,ACTIVE
25,68,49,2024-03-15,2025-03-15,70500,ACTIVE
26,75,28,2024-05-28,2025-05-28,68000,ACTIVE
27,79,44,2024-01-22,2025-01-21,55500,ACTIVE
28,82,51,2024-05-27,2025-05-27,50500,ACTIVE
29,83,26,2024-12-31,2025-12-31,10500,ACTIVE
30,86,35,2024-02-10,2025-02-09,73000,ACTIVE
31,87,70,2024-06-26,2025-06-26,13000,ACTIVE
32,89,50,2024-08-14,2025-08-14,73000,ACTIVE
33,40,74,2023-04-06,2024-04-05,65500,ENDED
34,5,34,2023-05-29,2024-05-28,60500,ENDED
35,37,90,2023-01-20,2024-01-20,30500,ENDED
36,10,91,2023-01-05,2024-01-05,60500,ENDED
37,27,37,2023-06-02,2024-06-01,35500,ENDED
38,17,31,2023-10-18,2024-10-17,13000,ENDED
39,33,46,2023-11-05,2024-11-04,30500,ENDED
40,61,61,2023-02-24,2024-02-24,25500,ENDED
41,71,55,2023-06-21,2024-06-20,73000,ENDED
42,49,32,2023-05-26,2024-05-25,38000,ENDED
43,85,78,2023-08-21,2024-08-20,18000,ENDED
44,35,85,2023-11-25,2024-11-24,13000,ENDED
45,32,25,2023-10-06,2024-10-05,10500,ENDED
46,78,36,2023-09-26,2024-09-25,10500,ENDED
47,57,58,2023-09-10,2024-09-09,60500,ENDED
48,4,80,2023-03-10,2024-03-09,8000,ENDED
49,25,97,2023-09-16,2024-09-15,60500,ENDED
50,16,38,2023-08-28,2024-08-27,40500,ENDED
51,15,52,2023-05-20,2024-05-19,73000,ENDED
52,77,88,2023-04-09,2024-04-08,48000,ENDED
53,47,23,2023-02-27,2024-02-27,13000,ENDED
54,64,96,2023-06-19,2024-06-18,10500,ENDED
55,28,66,2023-03-25,2024-03-24,18000,ENDED
56,80,68,2023-08-23,2024-08-22,30500,ENDED
57,8,94,2023-11-28,2024-11-27,53000,ENDED
