payment_id,lease_id,amount,payment_date,payment_mode,status
1,1,58000,2024-05-23,UPI,PAID
2,1,58000,2024-06-24,Cash,PAID
3,1,58000,2024-07-23,NEFT,PAID
4,1,58000,2024-08-27,Cheque,PAID
5,1,58000,2024-09-26,RTGS,PAID
6,1,58000,2024-10-27,UPI,PAID
7,1,58000,2024-11-23,Cheque,PAID
8,1,58000,2024-12-23,UPI,PAID
9,1,58000,2025-01-23,Cheque,PAID
10,1,58000,2025-02-24,RTGS,PAID
11,1,58000,2025-03-26,UPI,PAID
12,1,58000,2025-04-24,Credit Card,PAID
13,2,18000,2024-10-17,UPI,PAID
14,2,18000,2024-11-13,Cheque,PAID
15,2,18000,2024-12-17,Debit Card,PAID
16,2,18000,2025-01-12,Credit Card,PAID
17,2,18000,2025-02-14,UPI,PENDING
18,2,18000,2025-03-13,NEFT,PAID
19,2,18000,2025-04-15,UPI,PENDING
20,2,18000,2025-05-17,Cash,PAID
21,2,18000,2025-06-17,Cash,PAID
22,2,18000,2025-07-16,UPI,PENDING
23,2,18000,2025-08-13,Debit Card,PAID
24,2,18000,2025-09-16,Debit Card,PAID
25,3,50500,2024-06-05,Cheque,PAID
26,3,50500,2024-07-03,UPI,PAID
27,3,50500,2024-08-01,UPI,PENDING
28,3,50500,2024-09-05,Cash,PAID
29,3,50500,2024-10-05,NEFT,PAID
30,3,50500,2024-11-05,Cheque,PAID
31,3,50500,2024-12-02,Credit Card,PAID
32,3,50500,2025-01-01,Cash,PAID
33,3,50500,2025-02-01,Cheque,PAID
34,3,50500,2025-03-04,Cheque,PAID
35,3,50500,2025-04-05,Cheque,PAID
36,3,50500,2025-05-03,Credit Card,PAID
37,4,43000,2024-04-27,Debit Card,PAID
38,4,43000,2024-05-26,Cash,PAID
39,4,43000,2024-06-28,RTGS,PAID
40,4,43000,2024-07-29,UPI,PAID
41,4,43000,2024-08-25,UPI,PENDING
42,4,43000,2024-09-28,UPI,PENDING
43,4,43000,2024-10-28,NEFT,PAID
44,4,43000,2024-11-30,Credit Card,PAID
45,4,43000,2024-12-28,RTGS,PAID
46,4,43000,2025-01-28,UPI,PENDING
47,4,43000,2025-02-28,Cheque,PAID
48,4,43000,2025-03-30,Debit Card,PAID
49,5,75500,2024-06-06,Debit Card,PAID
50,5,75500,2024-07-02,Cash,PAID
51,5,75500,2024-08-02,Credit Card,PAID
52,5,75500,2024-09-01,UPI,PENDING
53,5,75500,2024-10-03,Cheque,PAID
54,5,75500,2024-11-05,Cheque,PAID
55,5,75500,2024-12-02,NEFT,PAID
56,5,75500,2025-01-02,RTGS,PAID
57,5,75500,2025-02-06,Debit Card,PAID
58,5,75500,2025-03-06,Cheque,PAID
59,5,75500,2025-04-01,NEFT,PAID
60,5,75500,2025-05-01,Cash,PAID
61,6,8000,2024-05-31,Credit Card,PAID
62,6,8000,2024-06-27,NEFT,PAID
63,6,8000,2024-07-30,Cheque,PAID
64,6,8000,2024-08-28,Debit Card,PAID
65,6,8000,2024-09-27,NEFT,PAID
66,6,8000,2024-10-29,NEFT,PAID
67,6,8000,2024-12-02,Cash,PAID
68,6,8000,2024-12-31,Debit Card,PAID
69,6,8000,2025-01-29,NEFT,PAID
70,6,8000,2025-02-28,Credit Card,PAID
71,6,8000,2025-03-30,RTGS,PAID
72,6,8000,2025-05-01,Cash,PAID
73,7,13000,2024-12-27,Credit Card,PAID
74,7,13000,2025-01-30,Cheque,PAID
75,7,13000,2025-02-28,Credit Card,PAID
76,7,13000,2025-03-30,RTGS,PAID
77,7,13000,2025-04-29,NEFT,PAID
78,7,13000,2025-05-27,Debit Card,PAID
79,7,13000,2025-06-27,Debit Card,PAID
80,7,13000,2025-07-31,NEFT,PAID
81,7,13000,2025-08-26,Cash,PAID
82,7,13000,2025-09-29,Cash,PAID
83,7,13000,2025-10-29,NEFT,PAID
84,7,13000,2025-11-28,Credit Card,PAID
85,8,43000,2024-04-19,Debit Card,PAID
86,8,43000,2024-05-20,Credit Card,PAID
87,8,43000,2024-06-16,RTGS,PAID
88,8,43000,2024-07-20,Cash,PAID
89,8,43000,2024-08-16,NEFT,PAID
90,8,43000,2024-09-20,Credit Card,PAID
91,8,43000,2024-10-17,Cheque,PAID
92,8,43000,2024-11-18,RTGS,PAID
93,8,43000,2024-12-16,UPI,PENDING
94,8,43000,2025-01-17,Credit Card,PAID
95,8,43000,2025-02-19,NEFT,PAID
96,8,43000,2025-03-21,NEFT,PAID
97,9,45500,2024-12-20,Cash,PAID
98,9,45500,2025-01-21,Cheque,PAID
99,9,45500,2025-02-24,RTGS,PAID
100,9,45500,2025-03-21,Cash,PAID
101,9,45500,2025-04-22,UPI,PENDING
102,9,45500,2025-05-24,Cheque,PAID
103,9,45500,2025-06-21,NEFT,PAID
104,9,45500,2025-07-22,UPI,PAID
105,9,45500,2025-08-20,Credit Card,PAID
106,9,45500,2025-09-21,Cash,PAID
107,9,45500,2025-10-23,UPI,PENDING
108,9,45500,2025-11-21,NEFT,PAID
109,10,43000,2024-12-27,Cheque,PAID
110,10,43000,2025-01-27,Cheque,PAID
111,10,43000,2025-03-03,RTGS,PAID
112,10,43000,2025-03-29,Credit Card,PAID
113,10,43000,2025-04-29,Cheque,PAID
114,10,43000,2025-05-28,NEFT,PAID
115,10,43000,2025-06-30,Cheque,PAID
116,10,43000,2025-07-30,Credit Card,PAID
117,10,43000,2025-08-30,UPI,PENDING
118,10,43000,2025-09-26,Debit Card,PAID
119,10,43000,2025-10-26,Cheque,PAID
120,10,43000,2025-12-01,NEFT,PAID
121,11,40500,2024-09-08,UPI,PAID
122,11,40500,2024-10-10,RTGS,PAID
123,11,40500,2024-11-12,Credit Card,PAID
124,11,40500,2024-12-10,UPI,PENDING
125,11,40500,2025-01-07,UPI,PAID
126,11,40500,2025-02-10,UPI,PAID
127,11,40500,2025-03-12,RTGS,PAID
128,11,40500,2025-04-09,UPI,PAID
129,11,40500,2025-05-12,Credit Card,PAID
130,11,40500,2025-06-08,UPI,PAID
131,11,40500,2025-07-11,UPI,PENDING
132,11,40500,2025-08-08,Cash,PAID
133,12,48000,2024-06-13,RTGS,PAID
134,12,48000,2024-07-11,RTGS,PAID
135,12,48000,2024-08-14,UPI,PENDING
136,12,48000,2024-09-16,NEFT,PAID
137,12,48000,2024-10-11,Credit Card,PAID
138,12,48000,2024-11-16,UPI,PENDING
139,12,48000,2024-12-11,Cheque,PAID
140,12,48000,2025-01-15,Cheque,PAID
141,12,48000,2025-02-11,Credit Card,PAID
142,12,48000,2025-03-14,Debit Card,PAID
143,12,48000,2025-04-13,Cash,PAID
144,12,48000,2025-05-11,UPI,PENDING
145,13,35500,2024-09-02,UPI,PENDING
146,13,35500,2024-10-07,Cash,PAID
147,13,35500,2024-11-02,UPI,PAID
148,13,35500,2024-12-04,Cash,PAID
149,13,35500,2025-01-02,NEFT,PAID
150,13,35500,2025-02-04,UPI,PENDING
151,13,35500,2025-03-03,Cash,PAID
152,13,35500,2025-04-07,Debit Card,PAID
153,13,35500,2025-05-02,RTGS,PAID
154,13,35500,2025-06-03,Cash,PAID
155,13,35500,2025-07-05,Credit Card,PAID
156,13,35500,2025-08-04,UPI,PENDING
157,14,20500,2024-07-02,NEFT,PAID
158,14,20500,2024-08-01,Credit Card,PAID
159,14,20500,2024-09-01,RTGS,PAID
160,14,20500,2024-09-30,NEFT,PAID
161,14,20500,2024-10-29,Cash,PAID
162,14,20500,2024-12-01,Cheque,PAID
163,14,20500,2024-12-29,UPI,PENDING
164,14,20500,2025-01-29,Debit Card,PAID
165,14,20500,2025-03-02,UPI,PENDING
166,14,20500,2025-03-31,Cheque,PAID
167,14,20500,2025-05-02,Cash,PAID
168,14,20500,2025-05-27,Debit Card,PAID
169,15,43000,2024-10-14,Credit Card,PAID
170,15,43000,2024-11-15,NEFT,PAID
171,15,43000,2024-12-18,NEFT,PAID
172,15,43000,2025-01-15,RTGS,PAID
173,15,43000,2025-02-13,RTGS,PAID
174,15,43000,2025-03-15,UPI,PAID
175,15,43000,2025-04-14,Cheque,PAID
176,15,43000,2025-05-17,Cash,PAID
177,15,43000,2025-06-13,UPI,PAID
178,15,43000,2025-07-13,Cash,PAID
179,15,43000,2025-08-15,Debit Card,PAID
180,15,43000,2025-09-15,Cheque,PAID
181,16,33000,2024-05-20,Credit Card,PAID
182,16,33000,2024-06-21,UPI,PENDING
183,16,33000,2024-07-21,Credit Card,PAID
184,16,33000,2024-08-21,RTGS,PAID
185,16,33000,2024-09-23,NEFT,PAID
186,16,33000,2024-10-23,RTGS,PAID
187,16,33000,2024-11-23,Debit Card,PAID
188,16,33000,2024-12-22,NEFT,PAID
189,16,33000,2025-01-23,Cash,PAID
190,16,33000,2025-02-23,UPI,PAID
191,16,33000,2025-03-20,Cheque,PAID
192,16,33000,2025-04-24,Cheque,PAID
193,17,43000,2024-05-29,Cheque,PAID
194,17,43000,2024-07-02,Cash,PAID
195,17,43000,2024-07-29,Cash,PAID
196,17,43000,2024-08-28,UPI,PENDING
197,17,43000,2024-09-28,Cheque,PAID
198,17,43000,2024-10-29,UPI,PENDING
199,17,43000,2024-12-02,Cheque,PAID
200,17,43000,2024-12-28,UPI,PENDING
201,17,43000,2025-01-29,Debit Card,PAID
202,17,43000,2025-03-01,UPI,PAID
203,17,43000,2025-03-28,UPI,PENDING
204,17,43000,2025-05-01,NEFT,PAID
205,18,80500,2024-03-07,UPI,PAID
206,18,80500,2024-04-06,UPI,PENDING
207,18,80500,2024-05-04,UPI,PENDING
208,18,80500,2024-06-05,Debit Card,PAID
209,18,80500,2024-07-06,Credit Card,PAID
210,18,80500,2024-08-08,RTGS,PAID
211,18,80500,2024-09-08,NEFT,PAID
212,18,80500,2024-10-06,UPI,PAID
213,18,80500,2024-11-07,Cheque,PAID
214,18,80500,2024-12-07,Cash,PAID
215,18,80500,2025-01-08,UPI,PENDING
216,18,80500,2025-02-03,Debit Card,PAID
217,19,48000,2024-10-25,UPI,PENDING
218,19,48000,2024-11-24,UPI,PENDING
219,19,48000,2024-12-20,UPI,PAID
220,19,48000,2025-01-25,Credit Card,PAID
221,19,48000,2025-02-25,Cash,PAID
222,19,48000,2025-03-25,Credit Card,PAID
223,19,48000,2025-04-22,Debit Card,PAID
224,19,48000,2025-05-20,UPI,PAID
225,19,48000,2025-06-24,Credit Card,PAID
226,19,48000,2025-07-24,Credit Card,PAID
227,19,48000,2025-08-23,RTGS,PAID
228,19,48000,2025-09-25,Cash,PAID
229,20,28000,2024-12-13,RTGS,PAID
230,20,28000,2025-01-15,UPI,PENDING
231,20,28000,2025-02-15,UPI,PAID
232,20,28000,2025-03-17,NEFT,PAID
233,20,28000,2025-04-14,Cheque,PAID
234,20,28000,2025-05-16,Cheque,PAID
235,20,28000,2025-06-12,Cheque,PAID
236,20,28000,2025-07-15,RTGS,PAID
237,20,28000,2025-08-12,Debit Card,PAID
238,20,28000,2025-09-12,Debit Card,PAID
239,20,28000,2025-10-12,Credit Card,PAID
240,20,28000,2025-11-17,NEFT,PAID
241,21,30500,2024-10-09,NEFT,PAID
242,21,30500,2024-11-08,Cheque,PAID
243,21,30500,2024-12-08,Credit Card,PAID
244,21,30500,2025-01-10,Credit Card,PAID
245,21,30500,2025-02-05,Credit Card,PAID
246,21,30500,2025-03-06,Cheque,PAID
247,21,30500,2025-04-08,UPI,PAID
248,21,30500,2025-05-06,RTGS,PAID
249,21,30500,2025-06-05,Cash,PAID
250,21,30500,2025-07-09,NEFT,PAID
251,21,30500,2025-08-06,Cheque,PAID
252,21,30500,2025-09-10,Debit Card,PAID
253,22,13000,2024-07-18,RTGS,PAID
254,22,13000,2024-08-17,Cheque,PAID
255,22,13000,2024-09-15,RTGS,PAID
256,22,13000,2024-10-17,NEFT,PAID
257,22,13000,2024-11-18,Debit Card,PAID
258,22,13000,2024-12-17,Cash,PAID
259,22,13000,2025-01-14,RTGS,PAID
260,22,13000,2025-02-15,UPI,PAID
261,22,13000,2025-03-18,NEFT,PAID
262,22,13000,2025-04-16,Cash,PAID
263,22,13000,2025-05-16,Cheque,PAID
264,22,13000,2025-06-18,Cash,PAID
265,23,68000,2024-07-26,NEFT,PAID
266,23,68000,2024-08-24,RTGS,PAID
267,23,68000,2024-09-23,Debit Card,PAID
268,23,68000,2024-10-21,Debit Card,PAID
269,23,68000,2024-11-21,Cheque,PAID
270,23,68000,2024-12-24,Cash,PAID
271,23,68000,2025-01-24,Cheque,PAID
272,23,68000,2025-02-24,Credit Card,PAID
273,23,68000,2025-03-24,NEFT,PAID
274,23,68000,2025-04-21,Debit Card,PAID
275,23,68000,2025-05-23,UPI,PAID
276,23,68000,2025-06-25,RTGS,PAID
277,24,68000,2024-06-28,Cash,PAID
278,24,68000,2024-07-28,Cash,PAID
279,24,68000,2024-08-29,UPI,PAID
280,24,68000,2024-09-29,Debit Card,PAID
281,24,68000,2024-10-29,UPI,PENDING
282,24,68000,2024-11-25,Debit Card,PAID
283,24,68000,2024-12-29,NEFT,PAID
284,24,68000,2025-01-25,UPI,PENDING
285,24,68000,2025-03-02,Debit Card,PAID
286,24,68000,2025-03-25,Cheque,PAID
287,24,68000,2025-04-25,Cheque,PAID
288,24,68000,2025-05-25,Debit Card,PAID
289,25,70500,2024-03-16,Debit Card,PAID
290,25,70500,2024-04-20,RTGS,PAID
291,25,70500,2024-05-19,Credit Card,PAID
292,25,70500,2024-06-19,NEFT,PAID
293,25,70500,2024-07-16,Debit Card,PAID
294,25,70500,2024-08-17,Cash,PAID
295,25,70500,2024-09-19,NEFT,PAID
296,25,70500,2024-10-20,RTGS,PAID
297,25,70500,2024-11-17,Debit Card,PAID
298,25,70500,2024-12-20,Debit Card,PAID
299,25,70500,2025-01-18,UPI,PAID
300,25,70500,2025-02-20,UPI,PENDING
301,26,68000,2024-05-29,NEFT,PAID
302,26,68000,2024-06-30,Debit Card,PAID
303,26,68000,2024-08-02,Cheque,PAID
304,26,68000,2024-09-01,Credit Card,PAID
305,26,68000,2024-10-01,Cheque,PAID
306,26,68000,2024-11-02,Debit Card,PAID
307,26,68000,2024-11-28,UPI,PENDING
308,26,68000,2025-01-02,RTGS,PAID
309,26,68000,2025-01-30,Cheque,PAID
310,26,68000,2025-03-02,UPI,PENDING
311,26,68000,2025-04-02,UPI,PAID
312,26,68000,2025-05-01,Credit Card,PAID
313,27,55500,2024-01-24,Debit Card,PAID
314,27,55500,2024-02-26,Cheque,PAID
315,27,55500,2024-03-25,Debit Card,PAID
316,27,55500,2024-04-24,RTGS,PAID
317,27,55500,2024-05-24,Cash,PAID
318,27,55500,2024-06-26,Debit Card,PAID
319,27,55500,2024-07-24,Credit Card,PAID
320,27,55500,2024-08-22,UPI,PAID
321,27,55500,2024-09-25,UPI,PAID
322,27,55500,2024-10-23,Cheque,PAID
323,27,55500,2024-11-25,NEFT,PAID
324,27,55500,2024-12-23,UPI,PENDING
325,28,50500,2024-05-29,UPI,PENDING
326,28,50500,2024-06-29,UPI,PAID
327,28,50500,2024-07-29,UPI,PAID
328,28,50500,2024-09-01,NEFT,PAID
329,28,50500,2024-10-02,RTGS,PAID
330,28,50500,2024-10-28,Cheque,PAID
331,28,50500,2024-12-02,UPI,PAID
332,28,50500,2024-12-30,UPI,PAID
333,28,50500,2025-01-28,Cash,PAID
334,28,50500,2025-02-27,UPI,PAID
335,28,50500,2025-03-27,Debit Card,PAID
336,28,50500,2025-04-28,Cheque,PAID
337,29,10500,2025-01-03,UPI,PAID
338,29,10500,2025-01-31,UPI,PAID
339,29,10500,2025-03-02,NEFT,PAID
340,29,10500,2025-03-29,Credit Card,PAID
341,29,10500,2025-04-29,UPI,PENDING
342,29,10500,2025-06-01,UPI,PAID
343,29,10500,2025-06-29,Cheque,PAID
344,29,10500,2025-07-29,Credit Card,PAID
345,29,10500,2025-08-31,Cash,PAID
346,29,10500,2025-09-29,UPI,PAID
347,29,10500,2025-10-29,UPI,PENDING
348,29,10500,2025-12-02,Credit Card,PAID
349,29,10500,2025-12-31,RTGS,PAID
350,30,73000,2024-02-11,RTGS,PAID
351,30,73000,2024-03-11,Cash,PAID
352,30,73000,2024-04-15,Cash,PAID
353,30,73000,2024-05-15,UPI,PAID
354,30,73000,2024-06-15,RTGS,PAID
355,30,73000,2024-07-14,Cash,PAID
356,30,73000,2024-08-13,RTGS,PAID
357,30,73000,2024-09-11,Cheque,PAID
358,30,73000,2024-10-11,Cheque,PAID
359,30,73000,2024-11-10,Cash,PAID
360,30,73000,2024-12-10,UPI,PENDING
361,30,73000,2025-01-12,UPI,PENDING
362,31,13000,2024-06-30,Cheque,PAID
363,31,13000,2024-07-31,NEFT,PAID
364,31,13000,2024-08-26,UPI,PAID
365,31,13000,2024-09-26,RTGS,PAID
366,31,13000,2024-10-26,Debit Card,PAID
367,31,13000,2024-11-28,Credit Card,PAID
368,31,13000,2024-12-29,Cheque,PAID
369,31,13000,2025-01-26,Credit Card,PAID
370,31,13000,2025-03-02,NEFT,PAID
371,31,13000,2025-03-28,UPI,PAID
372,31,13000,2025-04-27,Debit Card,PAID
373,31,13000,2025-05-28,Cheque,PAID
374,32,73000,2024-08-19,Credit Card,PAID
375,32,73000,2024-09-16,Credit Card,PAID
376,32,73000,2024-10-15,UPI,PAID
377,32,73000,2024-11-17,UPI,PAID
378,32,73000,2024-12-18,UPI,PAID
379,32,73000,2025-01-19,Credit Card,PAID
380,32,73000,2025-02-14,UPI,PAID
381,32,73000,2025-03-19,UPI,PAID
382,32,73000,2025-04-16,Cash,PAID
383,32,73000,2025-05-19,RTGS,PAID
384,32,73000,2025-06-15,Credit Card,PAID
385,32,73000,2025-07-16,Credit Card,PAID
386,33,65500,2023-04-06,UPI,PENDING
387,33,65500,2023-05-09,RTGS,PAID
388,33,65500,2023-06-08,Credit Card,PAID
389,33,65500,2023-07-11,UPI,PENDING
390,33,65500,2023-08-09,Cash,PAID
391,33,65500,2023-09-09,Debit Card,PAID
392,33,65500,2023-10-08,NEFT,PAID
393,33,65500,2023-11-06,Cash,PAID
394,33,65500,2023-12-06,NEFT,PAID
395,33,65500,2024-01-06,UPI,PAID
396,33,65500,2024-02-06,NEFT,PAID
397,33,65500,2024-03-08,Cheque,PAID
398,34,60500,2023-05-30,UPI,PENDING
399,34,60500,2023-06-29,UPI,PENDING
400,34,60500,2023-08-03,Credit Card,PAID
401,34,60500,2023-08-30,RTGS,PAID
402,34,60500,2023-10-04,RTGS,PAID
403,34,60500,2023-10-29,Cash,PAID
404,34,60500,2023-12-03,Credit Card,PAID
405,34,60500,2023-12-30,UPI,PENDING
406,34,60500,2024-02-02,UPI,PAID
407,34,60500,2024-02-29,UPI,PENDING
408,34,60500,2024-03-31,Debit Card,PAID
409,34,60500,2024-05-01,UPI,PAID
410,35,30500,2023-01-20,RTGS,PAID
411,35,30500,2023-02-24,Debit Card,PAID
412,35,30500,2023-03-24,NEFT,PAID
413,35,30500,2023-04-24,Cheque,PAID
414,35,30500,2023-05-21,UPI,PENDING
415,35,30500,2023-06-24,Debit Card,PAID
416,35,30500,2023-07-21,UPI,PAID
417,35,30500,2023-08-20,UPI,PENDING
418,35,30500,2023-09-22,Credit Card,PAID
419,35,30500,2023-10-20,RTGS,PAID
420,35,30500,2023-11-25,Cheque,PAID
421,35,30500,2023-12-25,RTGS,PAID
422,36,60500,2023-01-09,NEFT,PAID
423,36,60500,2023-02-05,NEFT,PAID
424,36,60500,2023-03-05,UPI,PAID
425,36,60500,2023-04-09,UPI,PENDING
426,36,60500,2023-05-07,Cheque,PAID
427,36,60500,2023-06-05,UPI,PENDING
428,36,60500,2023-07-09,NEFT,PAID
429,36,60500,2023-08-08,UPI,PAID
430,36,60500,2023-09-05,Cheque,PAID
431,36,60500,2023-10-06,NEFT,PAID
432,36,60500,2023-11-07,Debit Card,PAID
433,36,60500,2023-12-10,RTGS,PAID
434,37,35500,2023-06-04,NEFT,PAID
435,37,35500,2023-07-03,NEFT,PAID
436,37,35500,2023-08-06,UPI,PAID
437,37,35500,2023-09-03,Cheque,PAID
438,37,35500,2023-10-05,UPI,PAID
439,37,35500,2023-11-03,Cheque,PAID
440,37,35500,2023-12-04,Debit Card,PAID
441,37,35500,2024-01-03,Debit Card,PAID
442,37,35500,2024-02-07,Credit Card,PAID
443,37,35500,2024-03-03,Debit Card,PAID
444,37,35500,2024-04-03,UPI,PAID
445,37,35500,2024-05-04,Cheque,PAID
446,38,13000,2023-10-23,RTGS,PAID
447,38,13000,2023-11-19,UPI,PAID
448,38,13000,2023-12-21,UPI,PENDING
449,38,13000,2024-01-22,NEFT,PAID
450,38,13000,2024-02-18,Debit Card,PAID
451,38,13000,2024-03-18,UPI,PAID
452,38,13000,2024-04-19,NEFT,PAID
453,38,13000,2024-05-21,RTGS,PAID
454,38,13000,2024-06-23,UPI,PAID
455,38,13000,2024-07-20,Debit Card,PAID
456,38,13000,2024-08-18,NEFT,PAID
457,38,13000,2024-09-21,UPI,PENDING
458,39,30500,2023-11-05,Debit Card,PAID
459,39,30500,2023-12-07,UPI,PAID
460,39,30500,2024-01-08,UPI,PAID
461,39,30500,2024-02-09,Cheque,PAID
462,39,30500,2024-03-08,Cheque,PAID
463,39,30500,2024-04-10,Cheque,PAID
464,39,30500,2024-05-06,NEFT,PAID
465,39,30500,2024-06-08,NEFT,PAID
466,39,30500,2024-07-09,Cash,PAID
467,39,30500,2024-08-07,Cheque,PAID
468,39,30500,2024-09-09,Cheque,PAID
469,39,30500,2024-10-07,Cheque,PAID
470,40,25500,2023-02-25,Credit Card,PAID
471,40,25500,2023-03-28,UPI,PENDING
472,40,25500,2023-04-28,Debit Card,PAID
473,40,25500,2023-05-27,Debit Card,PAID
474,40,25500,2023-06-27,Cash,PAID
475,40,25500,2023-07-26,Cash,PAID
476,40,25500,2023-08-27,RTGS,PAID
477,40,25500,2023-09-26,Cash,PAID
478,40,25500,2023-10-26,UPI,PAID
479,40,25500,2023-11-27,Cash,PAID
480,40,25500,2023-12-28,NEFT,PAID
481,40,25500,2024-01-24,UPI,PENDING
482,41,73000,2023-06-22,RTGS,PAID
483,41,73000,2023-07-26,UPI,PAID
484,41,73000,2023-08-22,Cash,PAID
485,41,73000,2023-09-24,RTGS,PAID
486,41,73000,2023-10-22,UPI,PENDING
487,41,73000,2023-11-25,RTGS,PAID
488,41,73000,2023-12-26,RTGS,PAID
489,41,73000,2024-01-21,UPI,PENDING
490,41,73000,2024-02-23,Cash,PAID
491,41,73000,2024-03-25,NEFT,PAID
492,41,73000,2024-04-24,Cash,PAID
493,41,73000,2024-05-24,UPI,PAID
494,42,38000,2023-05-27,Cash,PAID
495,42,38000,2023-06-30,Cheque,PAID
496,42,38000,2023-07-30,NEFT,PAID
497,42,38000,2023-08-28,Credit Card,PAID
498,42,38000,2023-09-28,UPI,PAID
499,42,38000,2023-10-30,Credit Card,PAID
500,42,38000,2023-11-26,UPI,PENDING
501,42,38000,2023-12-28,UPI,PAID
502,42,38000,2024-01-31,Cheque,PAID
503,42,38000,2024-02-28,RTGS,PAID
504,42,38000,2024-03-27,Credit Card,PAID
505,42,38000,2024-05-01,UPI,PENDING
506,43,18000,2023-08-26,UPI,PENDING
507,43,18000,2023-09-26,Cash,PAID
508,43,18000,2023-10-25,Debit Card,PAID
509,43,18000,2023-11-26,Cash,PAID
510,43,18000,2023-12-24,RTGS,PAID
511,43,18000,2024-01-23,NEFT,PAID
512,43,18000,2024-02-21,Credit Card,PAID
513,43,18000,2024-03-24,UPI,PENDING
514,43,18000,2024-04-25,UPI,PAID
515,43,18000,2024-05-23,Debit Card,PAID
516,43,18000,2024-06-22,UPI,PENDING
517,43,18000,2024-07-21,Cheque,PAID
518,44,13000,2023-11-30,UPI,PAID
519,44,13000,2023-12-27,NEFT,PAID
520,44,13000,2024-01-25,Debit Card,PAID
521,44,13000,2024-03-01,Credit Card,PAID
522,44,13000,2024-03-28,UPI,PENDING
523,44,13000,2024-04-26,NEFT,PAID
524,44,13000,2024-05-27,RTGS,PAID
525,44,13000,2024-06-30,UPI,PAID
526,44,13000,2024-07-28,Credit Card,PAID
527,44,13000,2024-08-26,Cheque,PAID
528,44,13000,2024-09-28,RTGS,PAID
529,44,13000,2024-10-25,Debit Card,PAID
530,45,10500,2023-10-10,Credit Card,PAID
531,45,10500,2023-11-07,NEFT,PAID
532,45,10500,2023-12-06,RTGS,PAID
533,45,10500,2024-01-08,UPI,PAID
534,45,10500,2024-02-07,Cheque,PAID
535,45,10500,2024-03-06,Cash,PAID
536,45,10500,2024-04-06,UPI,PENDING
537,45,10500,2024-05-10,Cheque,PAID
538,45,10500,2024-06-09,Credit Card,PAID
539,45,10500,2024-07-09,NEFT,PAID
540,45,10500,2024-08-08,NEFT,PAID
541,45,10500,2024-09-09,UPI,PENDING
542,46,10500,2023-10-01,Credit Card,PAID
543,46,10500,2023-10-31,RTGS,PAID
544,46,10500,2023-11-26,UPI,PAID
545,46,10500,2023-12-30,Debit Card,PAID
546,46,10500,2024-01-26,RTGS,PAID
547,46,10500,2024-02-26,RTGS,PAID
548,46,10500,2024-03-31,Cash,PAID
549,46,10500,2024-04-26,UPI,PAID
550,46,10500,2024-05-31,RTGS,PAID
551,46,10500,2024-06-29,UPI,PENDING
552,46,10500,2024-07-28,Debit Card,PAID
553,46,10500,2024-08-29,Credit Card,PAID
554,47,60500,2023-09-15,Cash,PAID
555,47,60500,2023-10-12,Cheque,PAID
556,47,60500,2023-11-13,UPI,PAID
557,47,60500,2023-12-13,RTGS,PAID
558,47,60500,2024-01-12,Cash,PAID
559,47,60500,2024-02-15,Credit Card,PAID
560,47,60500,2024-03-15,RTGS,PAID
561,47,60500,2024-04-13,Debit Card,PAID
562,47,60500,2024-05-14,UPI,PAID
563,47,60500,2024-06-14,Cheque,PAID
564,47,60500,2024-07-15,UPI,PENDING
565,47,60500,2024-08-13,Cash,PAID
566,48,8000,2023-03-13,UPI,PENDING
567,48,8000,2023-04-13,Debit Card,PAID
568,48,8000,2023-05-14,Cash,PAID
569,48,8000,2023-06-14,UPI,PENDING
570,48,8000,2023-07-14,NEFT,PAID
571,48,8000,2023-08-13,NEFT,PAID
572,48,8000,2023-09-11,UPI,PENDING
573,48,8000,2023-10-11,UPI,PENDING
574,48,8000,2023-11-13,UPI,PAID
575,48,8000,2023-12-13,UPI,PENDING
576,48,8000,2024-01-15,NEFT,PAID
577,48,8000,2024-02-12,RTGS,PAID
578,49,60500,2023-09-16,UPI,PENDING
579,49,60500,2023-10-20,Cheque,PAID
580,49,60500,2023-11-18,Cash,PAID
581,49,60500,2023-12-16,Debit Card,PAID
582,49,60500,2024-01-20,Cash,PAID
583,49,60500,2024-02-16,Cheque,PAID
584,49,60500,2024-03-20,Cash,PAID
585,49,60500,2024-04-16,UPI,PAID
586,49,60500,2024-05-16,Debit Card,PAID
587,49,60500,2024-06-20,RTGS,PAID
588,49,60500,2024-07-18,Cheque,PAID
589,49,60500,2024-08-20,Cash,PAID
590,50,40500,2023-08-29,RTGS,PAID
591,50,40500,2023-10-02,Cash,PAID
592,50,40500,2023-10-31,UPI,PAID
593,50,40500,2023-11-30,Credit Card,PAID
594,50,40500,2024-01-02,Cheque,PAID
595,50,40500,2024-01-30,UPI,PENDING
596,50,40500,2024-03-01,RTGS,PAID
597,50,40500,2024-03-31,Debit Card,PAID
598,50,40500,2024-04-28,Debit Card,PAID
599,50,40500,2024-05-30,Credit Card,PAID
600,50,40500,2024-06-30,RTGS,PAID
601,50,40500,2024-08-01,Credit Card,PAID
602,51,73000,2023-05-23,NEFT,PAID
603,51,73000,2023-06-23,UPI,PENDING
604,51,73000,2023-07-24,Debit Card,PAID
605,51,73000,2023-08-20,Cash,PAID
606,51,73000,2023-09-20,RTGS,PAID
607,51,73000,2023-10-23,NEFT,PAID
608,51,73000,2023-11-24,Cash,PAID
609,51,73000,2023-12-21,Debit Card,PAID
610,51,73000,2024-01-20,NEFT,PAID
611,51,73000,2024-02-20,RTGS,PAID
612,51,73000,2024-03-22,RTGS,PAID
613,51,73000,2024-04-24,Cheque,PAID
614,52,48000,2023-04-09,Credit Card,PAID
615,52,48000,2023-05-11,Cheque,PAID
616,52,48000,2023-06-10,Debit Card,PAID
617,52,48000,2023-07-13,RTGS,PAID
618,52,48000,2023-08-11,Credit Card,PAID
619,52,48000,2023-09-09,RTGS,PAID
620,52,48000,2023-10-09,NEFT,PAID
621,52,48000,2023-11-10,Debit Card,PAID
622,52,48000,2023-12-10,Credit Card,PAID
623,52,48000,2024-01-14,Cheque,PAID
624,52,48000,2024-02-14,UPI,PAID
625,52,48000,2024-03-10,Credit Card,PAID
626,53,13000,2023-02-27,NEFT,PAID
627,53,13000,2023-03-29,Credit Card,PAID
628,53,13000,2023-05-02,UPI,PENDING
629,53,13000,2023-05-30,Debit Card,PAID
630,53,13000,2023-06-29,NEFT,PAID
631,53,13000,2023-08-01,Cash,PAID
632,53,13000,2023-08-30,Cash,PAID
633,53,13000,2023-10-01,Credit Card,PAID
634,53,13000,2023-10-29,UPI,PENDING
635,53,13000,2023-12-01,Cash,PAID
636,53,13000,2024-01-01,UPI,PAID
637,53,13000,2024-01-29,RTGS,PAID
638,54,10500,2023-06-21,RTGS,PAID
639,54,10500,2023-07-24,RTGS,PAID
640,54,10500,2023-08-23,Debit Card,PAID
641,54,10500,2023-09-19,Debit Card,PAID
642,54,10500,2023-10-23,Cheque,PAID
643,54,10500,2023-11-24,NEFT,PAID
644,54,10500,2023-12-24,Cheque,PAID
645,54,10500,2024-01-21,UPI,PENDING
646,54,10500,2024-02-22,UPI,PENDING
647,54,10500,2024-03-19,Cash,PAID
648,54,10500,2024-04-23,Debit Card,PAID
649,54,10500,2024-05-24,Credit Card,PAID
650,55,18000,2023-03-29,Credit Card,PAID
651,55,18000,2023-04-30,RTGS,PAID
652,55,18000,2023-05-26,Debit Card,PAID
653,55,18000,2023-06-29,NEFT,PAID
654,55,18000,2023-07-28,NEFT,PAID
655,55,18000,2023-08-30,Debit Card,PAID
656,55,18000,2023-09-26,Credit Card,PAID
657,55,18000,2023-10-30,UPI,PENDING
658,55,18000,2023-11-27,NEFT,PAID
659,55,18000,2023-12-27,Cheque,PAID
660,55,18000,2024-01-27,RTGS,PAID
661,55,18000,2024-02-27,Cheque,PAID
662,56,30500,2023-08-26,UPI,PAID
663,56,30500,2023-09-27,Cash,PAID
664,56,30500,2023-10-23,UPI,PENDING
665,56,30500,2023-11-24,Cash,PAID
666,56,30500,2023-12-28,Cheque,PAID
667,56,30500,2024-01-26,UPI,PAID
668,56,30500,2024-02-24,NEFT,PAID
669,56,30500,2024-03-25,UPI,PENDING
670,56,30500,2024-04-27,Cheque,PAID
671,56,30500,2024-05-28,NEFT,PAID
672,56,30500,2024-06-26,RTGS,PAID
673,56,30500,2024-07-24,RTGS,PAID
674,57,53000,2023-11-28,Cheque,PAID
675,57,53000,2023-12-29,Cash,PAID
676,57,53000,2024-01-31,Debit Card,PAID
677,57,53000,2024-02-28,NEFT,PAID
678,57,53000,2024-04-02,Cheque,PAID
679,57,53000,2024-05-01,Cheque,PAID
680,57,53000,2024-06-01,NEFT,PAID
681,57,53000,2024-06-28,RTGS,PAID
682,57,53000,2024-08-01,NEFT,PAID
683,57,53000,2024-08-28,Credit Card,PAID
684,57,53000,2024-09-29,Credit Card,PAID
685,57,53000,2024-10-30,NEFT,PAID
